registry_name,java_class,category,width,height,model_class,tier,artist_tier,animation_class,status,status_note,geo_file,rig_source,in_game,animation_file,bbmodel_file,spec_file,bones,cubes,clips_shipped,textures_referenced,canonical_textures,expected_scale,expected_shadow,pin_status,harness_proof,hitbox_profile,locked_bones,artist_scope,effort_hours,effort_source,client_files,notes
alien,Alien,MONSTER,1.1,3.25,ModelAlien,1,Tier 1 (boss),FK-chained — procedural child transforms form an FK chain,classic only,"Tier 1 model ModelAlien; no geo landed yet — packaged from the reference leg's converter output (reference_alien.geo.json: the rig is not yet in-game, its bone names final)",reference_alien.geo.json,reference-leg converter output,no,,alien.bbmodel,SPEC.md,55,55,0,1,1,1.1,0.385,pin,reference_model_proofs.json,,16,"full contract (Tier 1, the FK-chained class: geckolib_migration_design.md section 5) with the §8.1 locks; the rig is not yet in-game (it lands through the seam in a later slice)",38.8,generator: 8 h + 0.15 h/bone x 55 + 1.5 h/clip x 15 to author or improve (owner adjusts),AlienRenderer,
alien_boss,AlienBoss,MONSTER,1.4,3.5,ModelAlien,1,Tier 1 (boss),FK-chained — procedural child transforms form an FK chain,classic only,"Tier 1 model ModelAlien; no geo landed yet — packaged from the reference leg's converter output (reference_alien.geo.json: the rig is not yet in-game, its bone names final)",reference_alien.geo.json,reference-leg converter output,no,,alien_boss.bbmodel,SPEC.md,55,55,0,1,1,,,no pin,reference_model_proofs.json,,16,"full contract (Tier 1, the FK-chained class: geckolib_migration_design.md section 5) with the §8.1 locks; the rig is not yet in-game (it lands through the seam in a later slice)",40.2,generator: 8 h + 0.15 h/bone x 55 + 1.5 h/clip x 16 to author or improve (owner adjusts),AlienRenderer,
alosaurus,Alosaurus,MONSTER,1.9,3.6,ModelAlosaurus,2,Tier 2,gait-scaled — trigonometric pose depends on limbSwingAmount,landed candidate,behind -Dorespawn.dev.geckolibRenderers=candidate,alosaurus.geo.json,shipped,yes,alosaurus.animation.json,alosaurus.bbmodel,SPEC.md,21,21,0,1,1,1,1,pin,,,0,"full contract (Tier 2, the gait-scaled class (with an attacking branch on the jaw): geckolib_migration_design.md section 5); ON THE HOOK until idle and walk are delivered (Amendment 2): in-game through the seam behind the dev switch since the fourth Tier-2 slice (T2d, 2026-09-14)",20.2,generator: 4 h + 0.2 h/bone x 21 + 1 h/clip x 12 to author or improve (owner adjusts),AlosaurusRenderer;AlosaurusGeoReplacement,
attack_squid,AttackSquid,WATER_CREATURE,1,1.25,ModelAttackSquid,2,Tier 2,gait-scaled — trigonometric pose depends on limbSwingAmount,landed candidate,behind -Dorespawn.dev.geckolibRenderers=candidate,attacksquid.geo.json,shipped,yes,attacksquid.animation.json,attack_squid.bbmodel,SPEC.md,9,9,0,1,1,0.9,0.225,pin,,,0,"full contract (Tier 2, the gait-scaled class (a walking / idle amplitude branch on the threshold): geckolib_migration_design.md section 5); ON THE HOOK until idle and walk are delivered (Amendment 2): in-game through the seam behind the dev switch since the fourth Tier-2 slice (T2d, 2026-09-14)",18.8,generator: 4 h + 0.2 h/bone x 9 + 1 h/clip x 13 to author or improve (owner adjusts),AttackSquidRenderer;AttackSquidGeoReplacement,
band_p,BandP,MONSTER,0.75,1.75,ModelBandP,2,Tier 2,gait-scaled — trigonometric pose depends on limbSwingAmount,landed candidate,behind -Dorespawn.dev.geckolibRenderers=candidate,bandp.geo.json,shipped,yes,bandp.animation.json,band_p.bbmodel,SPEC.md,7,7,0,2,2,1,1,pin,,,0,"full contract (Tier 2, the gait-scaled class (with a standing branch of small sways): geckolib_migration_design.md section 5); ON THE HOOK until idle and walk are delivered (Amendment 2): in-game through the seam behind the dev switch since the fourth Tier-2 slice (T2d, 2026-09-14)",15.4,generator: 4 h + 0.2 h/bone x 7 + 1 h/clip x 10 to author or improve (owner adjusts),BandPRenderer;BandPGeoReplacement,
basilisk,Basilisk,MONSTER,1.6,3.5,ModelBasilisk,1,Tier 1 (boss),gait-scaled — trigonometric pose depends on limbSwingAmount,classic only,"Tier 1 model ModelBasilisk; no geo landed yet — packaged from the reference leg's converter output (reference_basilisk.geo.json: the rig is not yet in-game, its bone names final)",reference_basilisk.geo.json,reference-leg converter output,no,,basilisk.bbmodel,SPEC.md,21,21,0,1,1,1.25,0.625,pin,reference_model_proofs.json,,8,"full contract (Tier 1, the gait-scaled class: geckolib_migration_design.md section 5) with the §8.1 locks; the rig is not yet in-game (it lands through the seam in a later slice)",24.6,generator: 8 h + 0.15 h/bone x 21 + 1.5 h/clip x 9 to author or improve (owner adjusts),BasiliskRenderer,
cave_fisher,CaveFisher,MONSTER,1.35,0.75,ModelCaveFisher,2,Tier 2,state-branching — setupAnim branches on entity state,landed candidate,behind -Dorespawn.dev.geckolibRenderers=candidate,cavefisher.geo.json,shipped,yes,cavefisher.animation.json,cave_fisher.bbmodel,SPEC.md,75,75,0,1,1,0.75,0.2625,pin,,,0,"full contract (Tier 2, the state-branching class (an attacking branch on the claw-snap odds; a client-side random latch): geckolib_migration_design.md section 5); ON THE HOOK until idle and walk are delivered (Amendment 2): in-game through the seam behind the dev switch since the fifth Tier-2 slice (T2e, 2026-09-15)",30,generator: 4 h + 0.2 h/bone x 75 + 1 h/clip x 11 to author or improve (owner adjusts),CaveFisherRenderer;CaveFisherGeoReplacement,
cloud_shark,CloudShark,MONSTER,1,0.75,ModelCloudShark,2,Tier 2,simple cyclic — time/phase-driven trigonometric pose,landed candidate,behind -Dorespawn.dev.geckolibRenderers=candidate,cloudshark.geo.json,shipped,yes,cloudshark.animation.json,cloud_shark.bbmodel,SPEC.md,8,8,0,1,1,1,0.5,pin,,,0,"full contract (Tier 2, the simple-cyclic class: geckolib_migration_design.md section 5); ON THE HOOK until idle and walk are delivered (Amendment 2)",15.6,generator: 4 h + 0.2 h/bone x 8 + 1 h/clip x 10 to author or improve (owner adjusts),CloudSharkRenderer;CloudSharkGeoReplacement,
crab,Crab,MONSTER,2.5,3.5,ModelCrab,2,Tier 2,state-branching — setupAnim branches on entity state,landed candidate,behind -Dorespawn.dev.geckolibRenderers=candidate,crab.geo.json,shipped,yes,crab.animation.json,crab.bbmodel,SPEC.md,46,46,0,1,1,dynamic,0.99,pin,,,0,"full contract (Tier 2, the state-branching class (an attacking branch on the eyes, mouth and claws; the renderer's scale is the entity's): geckolib_migration_design.md section 5); ON THE HOOK until idle and walk are delivered (Amendment 2): in-game through the seam behind the dev switch since the fourth Tier-2 slice (T2d, 2026-09-14)",27.2,generator: 4 h + 0.2 h/bone x 46 + 1 h/clip x 14 to author or improve (owner adjusts),CrabRenderer;CrabGeoReplacement,
creeping_horror,CreepingHorror,MONSTER,0.75,0.5,ModelCreepingHorror,2,Tier 2,gait-scaled — trigonometric pose depends on limbSwingAmount,landed candidate,behind -Dorespawn.dev.geckolibRenderers=candidate,creepinghorror.geo.json,shipped,yes,creepinghorror.animation.json,creeping_horror.bbmodel,SPEC.md,26,26,0,1,1,0.75,0.3375,pin,,,0,"full contract (Tier 2, the gait-scaled class: geckolib_migration_design.md section 5); ON THE HOOK until idle and walk are delivered (Amendment 2): in-game through the seam behind the dev switch since the fourth Tier-2 slice (T2d, 2026-09-14)",21.2,generator: 4 h + 0.2 h/bone x 26 + 1 h/clip x 12 to author or improve (owner adjusts),CreepingHorrorRenderer;CreepingHorrorGeoReplacement,
cryolophosaurus,Cryolophosaurus,MONSTER,0.75,0.75,ModelCryolophosaurus,2,Tier 2,gait-scaled — trigonometric pose depends on limbSwingAmount,landed candidate,behind -Dorespawn.dev.geckolibRenderers=candidate,cryolophosaurus.geo.json,shipped,yes,cryolophosaurus.animation.json,cryolophosaurus.bbmodel,SPEC.md,20,20,0,1,1,0.5,0.375,pin,,,0,"full contract (Tier 2, the gait-scaled class: geckolib_migration_design.md section 5); ON THE HOOK until idle and walk are delivered (Amendment 2): in-game through the seam behind the dev switch since the fourth Tier-2 slice (T2d, 2026-09-14)",16,generator: 4 h + 0.2 h/bone x 20 + 1 h/clip x 8 to author or improve (owner adjusts),CryolophosaurusRenderer;CryolophosaurusGeoReplacement,
dungeon_beast,DungeonBeast,MONSTER,1.15,1.1,ModelDungeonBeast,2,Tier 2,state-branching — setupAnim branches on entity state,classic only,"Tier 2 model ModelDungeonBeast; no geo landed yet — packaged from the reference leg's converter output (reference_dungeonbeast.geo.json: the rig is not yet in-game, its bone names final)",reference_dungeonbeast.geo.json,reference-leg converter output,no,,dungeon_beast.bbmodel,SPEC.md,64,64,0,1,1,1,0.25,pin,reference_model_proofs.json,,0,"full contract (Tier 2, the state-branching class (an attacking branch on the tail amplitude and the jaw-flap latch): geckolib_migration_design.md section 5); the rig is not yet in-game (it lands through the seam in a later slice)",31.8,generator: 4 h + 0.2 h/bone x 64 + 1 h/clip x 15 to author or improve (owner adjusts),DungeonBeastRenderer,
ender_knight,EnderKnight,MONSTER,0.6,2.9,ModelEnderKnight,2,Tier 2,state-branching — setupAnim branches on entity state,classic only,"Tier 2 model ModelEnderKnight; no geo landed yet — packaged from the reference leg's converter output (reference_enderknight.geo.json: the rig is not yet in-game, its bone names final)",reference_enderknight.geo.json,reference-leg converter output,no,,ender_knight.bbmodel,SPEC.md,40,40,0,1,1,1,0.3,pin,reference_model_proofs.json,,0,"full contract (Tier 2, the state-branching class (a screaming branch on the arms and sword): geckolib_migration_design.md section 5); the rig is not yet in-game (it lands through the seam in a later slice)",26,generator: 4 h + 0.2 h/bone x 40 + 1 h/clip x 14 to author or improve (owner adjusts),EnderKnightRenderer,
ender_reaper,EnderReaper,MONSTER,0.7,2.9,ModelEnderReaper,2,Tier 2,state-branching — setupAnim branches on entity state,classic only,"Tier 2 model ModelEnderReaper; no geo landed yet — packaged from the reference leg's converter output (reference_enderreaper.geo.json: the rig is not yet in-game, its bone names final)",reference_enderreaper.geo.json,reference-leg converter output,no,,ender_reaper.bbmodel,SPEC.md,66,66,0,1,1,1,0.2,pin,reference_model_proofs.json,,0,"full contract (Tier 2, the state-branching class: geckolib_migration_design.md section 5); the rig is not yet in-game (it lands through the seam in a later slice)",31.2,generator: 4 h + 0.2 h/bone x 66 + 1 h/clip x 14 to author or improve (owner adjusts),EnderReaperRenderer,
giant_robot,GiantRobot,MONSTER,3,9.75,ModelGiantRobot,1,Tier 1 (boss),state-branching — setupAnim branches on entity state,classic only,"Tier 1 model ModelGiantRobot; no geo landed yet — packaged from the reference leg's converter output (reference_giantrobot.geo.json: the rig is not yet in-game, its bone names final)",reference_giantrobot.geo.json,reference-leg converter output,no,,giant_robot.bbmodel,SPEC.md,29,29,0,1,1,1,0.99,pin,reference_model_proofs.json,,25,"full contract (Tier 1, the state-branching class: geckolib_migration_design.md section 5) with the §8.1 locks; the rig is not yet in-game (it lands through the seam in a later slice) — packaged from the reference leg's converter output, whose instance bones (the shared leg and arm parts as one bone per side: `<part>__i0` the left, `<part>__i1` the right) are the FINAL bone set (owner 2026-09-14, item 2: TEST-009 (a))",27.4,generator: 8 h + 0.15 h/bone x 29 + 1.5 h/clip x 10 to author or improve (owner adjusts),GiantRobotRenderer,
jeffery,Jeffery,MONSTER,3,9.75,ModelGiantRobot,1,Tier 1 (boss),state-branching — setupAnim branches on entity state,classic only,"Tier 1 model ModelGiantRobot; no geo landed yet — packaged from the reference leg's converter output (reference_giantrobot.geo.json: the rig is not yet in-game, its bone names final)",reference_giantrobot.geo.json,reference-leg converter output,no,,jeffery.bbmodel,SPEC.md,29,29,0,1,1,,,no pin,reference_model_proofs.json,,25,"full contract (Tier 1, the state-branching class: geckolib_migration_design.md section 5) with the §8.1 locks; the rig is not yet in-game (it lands through the seam in a later slice) — packaged from the reference leg's converter output, whose instance bones (the shared leg and arm parts as one bone per side: `<part>__i0` the left, `<part>__i1` the right) are the FINAL bone set (owner 2026-09-14, item 2: TEST-009 (a))",27.4,generator: 8 h + 0.15 h/bone x 29 + 1.5 h/clip x 10 to author or improve (owner adjusts),GiantRobotRenderer,
hammerhead,Hammerhead,MONSTER,3,5,ModelHammerhead,1,Tier 1 (boss),gait-scaled — trigonometric pose depends on limbSwingAmount,classic only,"Tier 1 model ModelHammerhead; no geo landed yet — packaged from the reference leg's converter output (reference_hammerhead.geo.json: the rig is not yet in-game, its bone names final)",reference_hammerhead.geo.json,reference-leg converter output,no,,hammerhead.bbmodel,SPEC.md,37,37,0,1,1,2.5,2.5,pin,reference_model_proofs.json,,18,"full contract (Tier 1, the gait-scaled class: geckolib_migration_design.md section 5) with the §8.1 locks; the rig is not yet in-game (it lands through the seam in a later slice)",30.1,generator: 8 h + 0.15 h/bone x 37 + 1.5 h/clip x 11 to author or improve (owner adjusts),HammerheadRenderer,
irukandji,Irukandji,MONSTER,0.25,0.25,ModelIrukandji,2,Tier 2,simple cyclic — time/phase-driven trigonometric pose,landed candidate,behind -Dorespawn.dev.geckolibRenderers=candidate,irukandji.geo.json,shipped,yes,irukandji.animation.json,irukandji.bbmodel,SPEC.md,9,9,0,1,1,0.25,0.025,pin,,,0,"full contract (Tier 2, the simple-cyclic (with position chains) class: geckolib_migration_design.md section 5); ON THE HOOK until idle and walk are delivered (Amendment 2)",19.8,generator: 4 h + 0.2 h/bone x 9 + 1 h/clip x 14 to author or improve (owner adjusts),IrukandjiRenderer;IrukandjiGeoReplacement,
nastysaurus,Nastysaurus,MONSTER,2.2,4.6,ModelNastysaurus,2,Tier 2,state-branching — setupAnim branches on entity state,classic only,"Tier 2 model ModelNastysaurus; no geo landed yet — packaged from the reference leg's converter output (reference_nastysaurus.geo.json: the rig is not yet in-game, its bone names final)",reference_nastysaurus.geo.json,reference-leg converter output,no,,nastysaurus.bbmodel,SPEC.md,59,59,0,1,1,1.5,1.5,pin,reference_model_proofs.json,,0,"full contract (Tier 2, the state-branching class: geckolib_migration_design.md section 5); the rig is not yet in-game (it lands through the seam in a later slice)",28.8,generator: 4 h + 0.2 h/bone x 59 + 1 h/clip x 13 to author or improve (owner adjusts),NastysaurusRenderer,
pitch_black,PitchBlack,MONSTER,2,3,ModelPitchBlack,1,Tier 1 (boss),state-branching — setupAnim branches on entity state,classic only,"Tier 1 model ModelPitchBlack; no geo landed yet — packaged from the reference leg's converter output (reference_pitchblack.geo.json: the rig is not yet in-game, its bone names final)",reference_pitchblack.geo.json,reference-leg converter output,no,,pitch_black.bbmodel,SPEC.md,101,101,0,1,1,dynamic,1.25,pin,reference_model_proofs.json,,14,"full contract (Tier 1, the state-branching class: geckolib_migration_design.md section 5) with the §8.1 locks; the rig is not yet in-game (it lands through the seam in a later slice)",47.1,generator: 8 h + 0.15 h/bone x 101 + 1.5 h/clip x 16 to author or improve (owner adjusts),PitchBlackRenderer,
pointysaurus,Pointysaurus,MONSTER,2.9,2.9,ModelPointysaurus,2,Tier 2,gait-scaled — trigonometric pose depends on limbSwingAmount,landed candidate,behind -Dorespawn.dev.geckolibRenderers=candidate,pointysaurus.geo.json,shipped,yes,pointysaurus.animation.json,pointysaurus.bbmodel,SPEC.md,30,30,0,1,1,1,1,pin,,,0,"full contract (Tier 2, the gait-scaled (with an attacking branch) class: geckolib_migration_design.md section 5); ON THE HOOK until idle and walk are delivered (Amendment 2): in-game through the seam behind the dev switch since the fifth Tier-2 slice (T2e, 2026-09-15)",23,generator: 4 h + 0.2 h/bone x 30 + 1 h/clip x 13 to author or improve (owner adjusts),PointysaurusRenderer;PointysaurusGeoReplacement,
robot_1,Robot1,MONSTER,0.5,0.5,ModelRobot1,3,Tier 3,gait-scaled — trigonometric pose depends on limbSwingAmount,landed candidate,behind -Dorespawn.dev.geckolibRenderers=candidate,robot1.geo.json,shipped,yes,robot1.animation.json,robot_1.bbmodel,SPEC.md,27,27,0,1,1,1,0.3,pin,s4_model_proofs.json,,0,none (Tier 3: code-driven; feet driven by distance walked — P2's limbSwing-distance list),0,seed (owner-set),Robot1Renderer;Robot1GeoReplacement,
robot_2,Robot2,MONSTER,3,6.2,ModelRobot2,3,Tier 3,state-branching — setupAnim branches on entity state,landed candidate,behind -Dorespawn.dev.geckolibRenderers=candidate,robot2.geo.json,shipped,yes,robot2.animation.json,robot_2.bbmodel,SPEC.md,15,15,0,1,1,1,1,pin,s4_model_proofs.json,,0,none (Tier 3: code-driven),0,seed (owner-set),Robot2Renderer;Robot2GeoReplacement,
robot_3,Robot3,MONSTER,2.5,5,ModelRobot3,3,Tier 3,gait-scaled — trigonometric pose depends on limbSwingAmount,landed candidate,behind -Dorespawn.dev.geckolibRenderers=candidate,robot3.geo.json,shipped,yes,robot3.animation.json,robot_3.bbmodel,SPEC.md,19,19,0,1,1,0.5,0.5,pin,s4_model_proofs.json,,0,none (Tier 3: code-driven),0,seed (owner-set),Robot3Renderer;Robot3GeoReplacement,
robot_4,Robot4,MONSTER,2.5,4,ModelRobot4,3,Tier 3,state-branching — setupAnim branches on entity state,landed candidate,behind -Dorespawn.dev.geckolibRenderers=candidate,robot4.geo.json,shipped,yes,robot4.animation.json,robot_4.bbmodel,SPEC.md,56,56,0,1,1,1,1,pin,s4_model_proofs.json,,0,"none (Tier 3: code-driven; the most-boned Tier-3 rig, 56 bones)",0,seed (owner-set),Robot4Renderer;Robot4GeoReplacement,
robot_5,Robot5,MONSTER,1,2.25,ModelRobot5,3,Tier 3,gait-scaled — non-cyclic pose/head or inherited gait inputs,landed candidate,behind -Dorespawn.dev.geckolibRenderers=candidate,robot5.geo.json,shipped,yes,robot5.animation.json,robot_5.bbmodel,SPEC.md,11,11,0,1,1,1,0.5,pin,s4_model_proofs.json,,0,none (Tier 3: code-driven; wheels driven by distance — P2's limbSwing-distance list),0,seed (owner-set),Robot5Renderer;Robot5GeoReplacement,
sea_monster,SeaMonster,MONSTER,1.25,2.5,ModelSeaMonster,1,Tier 1 (boss),state-branching — setupAnim branches on entity state,classic only,"Tier 1 model ModelSeaMonster; no geo landed yet — packaged from the reference leg's converter output (reference_seamonster.geo.json: the rig is not yet in-game, its bone names final)",reference_seamonster.geo.json,reference-leg converter output,no,,sea_monster.bbmodel,SPEC.md,23,23,0,1,1,1,1,pin,reference_model_proofs.json,,13,"full contract (Tier 1, the state-branching class: geckolib_migration_design.md section 5) with the §8.1 locks; the rig is not yet in-game (it lands through the seam in a later slice)",32.5,generator: 8 h + 0.15 h/bone x 23 + 1.5 h/clip x 14 to author or improve (owner adjusts),SeaMonsterRenderer,
sea_viper,SeaViper,MONSTER,1.5,2.5,ModelSeaViper,2,Tier 2,state-branching — setupAnim branches on entity state,classic only,"Tier 2 model ModelSeaViper; no geo landed yet — packaged from the reference leg's converter output (reference_seaviper.geo.json: the rig is not yet in-game, its bone names final)",reference_seaviper.geo.json,reference-leg converter output,no,,sea_viper.bbmodel,SPEC.md,34,34,0,1,1,1,1,pin,reference_model_proofs.json,,0,"full contract (Tier 2, the state-branching class: geckolib_migration_design.md section 5); the rig is not yet in-game (it lands through the seam in a later slice)",24.8,generator: 4 h + 0.2 h/bone x 34 + 1 h/clip x 14 to author or improve (owner adjusts),SeaViperRenderer,
skate,Skate,MONSTER,0.75,0.25,ModelSkate,2,Tier 2,simple cyclic — time/phase-driven trigonometric pose,landed candidate,behind -Dorespawn.dev.geckolibRenderers=candidate,skate.geo.json,shipped,yes,skate.animation.json,skate.bbmodel,SPEC.md,3,3,0,1,1,0.75,0.075,pin,,,0,"full contract (Tier 2, the simple-cyclic (with the threshold idiom) class: geckolib_migration_design.md section 5); ON THE HOOK until idle and walk are delivered (Amendment 2)",12.6,generator: 4 h + 0.2 h/bone x 3 + 1 h/clip x 8 to author or improve (owner adjusts),SkateRenderer;SkateGeoReplacement,
trex,TRex,MONSTER,2,4.2,ModelTRex,1,Tier 1 (boss),gait-scaled — trigonometric pose depends on limbSwingAmount,classic only,"Tier 1 model ModelTRex; no geo landed yet — packaged from the reference leg's converter output (reference_trex.geo.json: the rig is not yet in-game, its bone names final)",reference_trex.geo.json,reference-leg converter output,no,,trex.bbmodel,SPEC.md,27,27,0,1,1,1.2,1.2,pin,reference_model_proofs.json,,8,"full contract (Tier 1, the gait-scaled class: geckolib_migration_design.md section 5) with the §8.1 locks; the rig is not yet in-game (it lands through the seam in a later slice)",28.6,generator: 8 h + 0.15 h/bone x 27 + 1.5 h/clip x 11 to author or improve (owner adjusts),TRexRenderer,
urchin,Urchin,MONSTER,1.35,2.1,ModelUrchin,2,Tier 2,state-branching — setupAnim branches on entity state,classic only,"Tier 2 model ModelUrchin; no geo landed yet — packaged from the reference leg's converter output (reference_urchin.geo.json: the rig is not yet in-game, its bone names final)",reference_urchin.geo.json,reference-leg converter output,no,,urchin.bbmodel,SPEC.md,17,17,0,1,1,1.25,0.4375,pin,reference_model_proofs.json,,0,"full contract (Tier 2, the state-branching class: geckolib_migration_design.md section 5); the rig is not yet in-game (it lands through the seam in a later slice)",19.4,generator: 4 h + 0.2 h/bone x 17 + 1 h/clip x 12 to author or improve (owner adjusts),UrchinRenderer,
godzilla,Godzilla,MONSTER,9.9,25,ModelGodzilla,1,Tier 1 (boss),gait-scaled — trigonometric pose depends on limbSwingAmount,classic only,"Tier 1 model ModelGodzilla; no geo landed yet — packaged from the reference leg's converter output (reference_godzilla.geo.json: the rig is not yet in-game, its bone names final)",reference_godzilla.geo.json,reference-leg converter output,no,,godzilla.bbmodel,SPEC.md,71,71,0,1,1,2,2,pin,reference_model_proofs.json,,12,"full contract (Tier 1, the gait-scaled class: geckolib_migration_design.md section 5) with the §8.1 locks; the rig is not yet in-game (it lands through the seam in a later slice)",44.1,generator: 8 h + 0.15 h/bone x 71 + 1.5 h/clip x 17 to author or improve (owner adjusts),GodzillaRenderer,
kraken,Kraken,MONSTER,4,15,ModelKraken,1,Tier 1 (boss),simple cyclic — time/phase-driven trigonometric pose,classic only,"Tier 1 model ModelKraken; no geo landed yet — packaged from the reference leg's converter output (reference_kraken.geo.json: the rig is not yet in-game, its bone names final)",reference_kraken.geo.json,reference-leg converter output,no,,kraken.bbmodel,SPEC.md,111,111,0,1,1,1,1,pin,reference_model_proofs.json,,14,"full contract (Tier 1, the simple-cyclic class: geckolib_migration_design.md section 5) with the §8.1 locks; the rig is not yet in-game (it lands through the seam in a later slice)",50.1,generator: 8 h + 0.15 h/bone x 111 + 1.5 h/clip x 17 to author or improve (owner adjusts),KrakenRenderer,
the_king,TheKing,MONSTER,22,24,ModelTheKing,1,Tier 1 (boss),simple cyclic — time/phase-driven trigonometric pose,classic only,"Tier 1 model ModelTheKing; no geo landed yet — packaged from the reference leg's converter output (reference_theking.geo.json: the rig is not yet in-game, its bone names final)",reference_theking.geo.json,reference-leg converter output,no,,the_king.bbmodel,SPEC.md,119,119,0,1,1,2.1,3.99,pin,reference_model_proofs.json,,15,"full contract (Tier 1, the simple-cyclic class: geckolib_migration_design.md section 5) with the §8.1 locks; the rig is not yet in-game (it lands through the seam in a later slice)",60.3,generator: 8 h + 0.15 h/bone x 119 + 1.5 h/clip x 23 to author or improve (owner adjusts),TheKingRenderer,
the_queen,TheQueen,MONSTER,22,24,QueenModel,0,Tier 1 (boss; the design's 'done' row),state-branching — existing GeckoLib controller state machine,landed candidate,native GeckoLib rig (no dev switch; classic renderer retired),the_queen.geo.json,shipped,yes,the_queen.animation.json,the_queen.bbmodel,SPEC.md,110,130,8,2,2,2,3.8,pin,,the_queen,27,"PILOT (owner 2026-09-13, second set, item 10; third set, item 2): two clips to improve - `idle` (the dormant hover) and one attack, the `bite` strike, its impact frame where the hurt lands: 8 ticks after the trigger, the impact at 0.4 s; the other six (`idle_to_attack`, `attack`, `tail_whip_right`, `tail_whip_left`, `roar`, `death`) come back EXACTLY as shipped inside the same `the_queen.animation.json` (the checker requires every code-triggered clip present by name; a clip you did not touch is simply the shipped one). Beyond the pilot: the full contract with the §8.1 locks (ruled 2026-09-06, Q16 (a): the Queen is the pilot boss, scoped to `idle` and one attack; the Beaver the other pilot); today a native GeckoLib rig with eight hand-made clips.",27.5,generator: 8 h + 0.15 h/bone x 110 + 1.5 h/clip x 2 to author or improve (owner adjusts),QueenRenderer;QueenModel,
bee,EntityBee,MONSTER,1.5,2.5,BeeModel,2,Tier 2,simple cyclic — time/phase-driven trigonometric pose,landed candidate,behind -Dorespawn.dev.geckolibRenderers=candidate,bee.geo.json,shipped,yes,bee.animation.json,bee.bbmodel,SPEC.md,23,23,0,1,1,1.1,0.99,pin,,,0,"full contract (Tier 2, the simple-cyclic (with an attacking branch and a position chain) class: geckolib_migration_design.md section 5); ON THE HOOK until idle and walk are delivered (Amendment 2)",24.6,generator: 4 h + 0.2 h/bone x 23 + 1 h/clip x 16 to author or improve (owner adjusts),BeeRenderer;BeeGeoReplacement;BeeModel,
brutalfly,EntityBrutalfly,MONSTER,5,2,BrutalflyModel,2,Tier 2,simple cyclic — time/phase-driven trigonometric pose,landed candidate,behind -Dorespawn.dev.geckolibRenderers=candidate,brutalfly.geo.json,shipped,yes,brutalfly.animation.json,brutalfly.bbmodel,SPEC.md,14,14,2,1,1,9,6.75,pin,,,0,"full contract (Tier 2, the simple-cyclic class: geckolib_migration_design.md section 5)",11.8,generator: 4 h + 0.2 h/bone x 14 + 1 h/clip x 5 to author or improve (owner adjusts),BrutalflyRenderer;BrutalflyGeoReplacement;BrutalflyModel,
cater_killer,EntityCaterKiller,MONSTER,2.9,4.6,CaterKillerModel,2,Tier 2,gait-scaled — trigonometric pose depends on limbSwingAmount,landed candidate,behind -Dorespawn.dev.geckolibRenderers=candidate,caterkiller.geo.json,shipped,yes,caterkiller.animation.json,cater_killer.bbmodel,SPEC.md,80,80,0,1,1,1.25,1.25,pin,,,0,"full contract (Tier 2, the gait-scaled (with an attacking branch and position writes) class: geckolib_migration_design.md section 5); ON THE HOOK until idle and walk are delivered (Amendment 2)",42,generator: 4 h + 0.2 h/bone x 80 + 1 h/clip x 22 to author or improve (owner adjusts),CaterKillerRenderer;CaterKillerGeoReplacement;CaterKillerModel,
emperor_scorpion,EntityEmperorScorpion,MONSTER,3.5,3,EmperorScorpionModel,1,Tier 1 (boss),FK-chained — procedural child transforms form an FK chain,classic only,"Tier 1 model EmperorScorpionModel; no geo landed yet — packaged from the reference leg's converter output (reference_emperorscorpion.geo.json: the rig is not yet in-game, its bone names final)",reference_emperorscorpion.geo.json,reference-leg converter output,no,,emperor_scorpion.bbmodel,SPEC.md,78,78,0,1,1,1.5,1.425,pin,reference_model_proofs.json,,48,"full contract (Tier 1, the FK-chained class: geckolib_migration_design.md section 5) with the §8.1 locks; the rig is not yet in-game (it lands through the seam in a later slice)",37.7,generator: 8 h + 0.15 h/bone x 78 + 1.5 h/clip x 12 to author or improve (owner adjusts),EmperorScorpionRenderer;EmperorScorpionModel,
hercules_beetle,EntityHerculesBeetle,MONSTER,3.25,2.75,HerculesBeetleModel,2,Tier 2,gait-scaled — trigonometric pose depends on limbSwingAmount,landed candidate,behind -Dorespawn.dev.geckolibRenderers=candidate,herculesbeetle.geo.json,shipped,yes,herculesbeetle.animation.json,hercules_beetle.bbmodel,SPEC.md,37,37,0,1,1,1.1,1.089,pin,,,0,"full contract (Tier 2, the gait-scaled (with an attacking branch) class: geckolib_migration_design.md section 5); ON THE HOOK until idle and walk are delivered (Amendment 2)",21.4,generator: 4 h + 0.2 h/bone x 37 + 1 h/clip x 10 to author or improve (owner adjusts),HerculesBeetleRenderer;HerculesBeetleGeoReplacement;HerculesBeetleModel,
kyuubi,EntityKyuubi,MONSTER,0.5,1.25,KyuubiModel,2,Tier 2,gait-scaled — trigonometric pose depends on limbSwingAmount,landed candidate,behind -Dorespawn.dev.geckolibRenderers=candidate,kyuubi.geo.json,shipped,yes,kyuubi.animation.json,kyuubi.bbmodel,SPEC.md,42,42,0,1,1,1,0.1,pin,,,0,"full contract (Tier 2, the gait-scaled class (with hand-written FK chains on the tail and horns): geckolib_migration_design.md section 5); ON THE HOOK until idle and walk are delivered (Amendment 2): in-game through the seam behind the dev switch since the fourth Tier-2 slice (T2d, 2026-09-14)",26.4,generator: 4 h + 0.2 h/bone x 42 + 1 h/clip x 14 to author or improve (owner adjusts),KyuubiRenderer;KyuubiGeoReplacement;KyuubiModel,
leaf_monster,EntityLeafMonster,MONSTER,1,2.5,LeafMonsterModel,2,Tier 2,gait-scaled — trigonometric pose depends on limbSwingAmount,landed candidate,behind -Dorespawn.dev.geckolibRenderers=candidate,leafmonster.geo.json,shipped,yes,leafmonster.animation.json,leaf_monster.bbmodel,SPEC.md,5,5,0,1,1,1,0.65,pin,,,0,"full contract (Tier 2, the gait-scaled class (with an attacking branch that raises the figure): geckolib_migration_design.md section 5); ON THE HOOK until idle and walk are delivered (Amendment 2): in-game through the seam behind the dev switch since the fourth Tier-2 slice (T2d, 2026-09-14)",17,generator: 4 h + 0.2 h/bone x 5 + 1 h/clip x 12 to author or improve (owner adjusts),LeafMonsterRenderer;LeafMonsterGeoReplacement;LeafMonsterModel,
lurking_terror,EntityLurkingTerror,MONSTER,1.75,1.25,LurkingTerrorModel,2,Tier 2,state-branching — setupAnim branches on entity state,classic only,"Tier 2 model LurkingTerrorModel; no geo landed yet — packaged from the reference leg's converter output (reference_lurkingterror.geo.json: the rig is not yet in-game, its bone names final)",reference_lurkingterror.geo.json,reference-leg converter output,no,,lurking_terror.bbmodel,SPEC.md,59,59,0,1,1,0.85,0.3825,pin,reference_model_proofs.json,,0,"full contract (Tier 2, the state-branching class (an attacking branch on the mouth; client-side random latches on the legs and mouth): geckolib_migration_design.md section 5); the rig is not yet in-game (it lands through the seam in a later slice)",30.8,generator: 4 h + 0.2 h/bone x 59 + 1 h/clip x 15 to author or improve (owner adjusts),LurkingTerrorRenderer;LurkingTerrorModel,
mantis,EntityMantis,MONSTER,2.5,3.25,MantisModel,2,Tier 2,state-branching — setupAnim branches on entity state,landed candidate,behind -Dorespawn.dev.geckolibRenderers=candidate,mantis.geo.json,shipped,yes,mantis.animation.json,mantis.bbmodel,SPEC.md,36,36,0,1,1,1.1,0.99,pin,,,0,"full contract (Tier 2, the state-branching class (an attacking branch on the raptorial arms): geckolib_migration_design.md section 5); ON THE HOOK until idle and walk are delivered (Amendment 2): in-game through the seam behind the dev switch since the fifth Tier-2 slice (T2e, 2026-09-15)",21.2,generator: 4 h + 0.2 h/bone x 36 + 1 h/clip x 10 to author or improve (owner adjusts),MantisRenderer;MantisGeoReplacement;MantisModel,
molenoid,EntityMolenoid,MONSTER,3.9,2.6,MolenoidModel,2,Tier 2,gait-scaled — trigonometric pose depends on limbSwingAmount,landed candidate,behind -Dorespawn.dev.geckolibRenderers=candidate,molenoid.geo.json,shipped,yes,molenoid.animation.json,molenoid.bbmodel,SPEC.md,37,37,0,1,1,1,1,pin,,,0,"full contract (Tier 2, the gait-scaled (with an attacking branch) class: geckolib_migration_design.md section 5); ON THE HOOK until idle and walk are delivered (Amendment 2): in-game through the seam behind the dev switch since the fifth Tier-2 slice (T2e, 2026-09-15)",22.4,generator: 4 h + 0.2 h/bone x 37 + 1 h/clip x 11 to author or improve (owner adjusts),MolenoidRenderer;MolenoidGeoReplacement;MolenoidModel,
rat,EntityRat,MONSTER,0.25,0.5,RatModel,2,Tier 2,gait-scaled — trigonometric pose depends on limbSwingAmount,landed candidate,behind -Dorespawn.dev.geckolibRenderers=candidate,rat.geo.json,shipped,yes,rat.animation.json,rat.bbmodel,SPEC.md,12,12,0,1,1,0.75,0.075,pin,,,0,"full contract (Tier 2, the gait-scaled (with an attacking branch) class: geckolib_migration_design.md section 5); ON THE HOOK until idle and walk are delivered (Amendment 2): in-game through the seam behind the dev switch since the fifth Tier-2 slice (T2e, 2026-09-15)",16.4,generator: 4 h + 0.2 h/bone x 12 + 1 h/clip x 10 to author or improve (owner adjusts),RatRenderer;RatGeoReplacement;RatModel,
rotator,EntityRotator,MONSTER,1,2,RotatorModel,3,Tier 3,static — setupAnim contains no changing part transform,landed candidate,behind -Dorespawn.dev.geckolibRenderers=candidate,rotator.geo.json,shipped,yes,rotator.animation.json,rotator.bbmodel,SPEC.md,27,24,0,1,1,1,0.1,pin,s4_model_proofs.json,,0,none (Tier 3: code-driven; per-frame fan spin; render-instance clones),0,seed (owner-set),RotatorRenderer;RotatorGeoReplacement;RotatorModel,
scorpion,EntityScorpion,MONSTER,0.85,0.55,ScorpionModel,2,Tier 2,state-branching — setupAnim branches on entity state,classic only,"Tier 2 model ScorpionModel; no geo landed yet — packaged from the reference leg's converter output (reference_scorpion.geo.json: the rig is not yet in-game, its bone names final)",reference_scorpion.geo.json,reference-leg converter output,no,,scorpion.bbmodel,SPEC.md,22,22,0,1,1,0.75,0.2625,pin,reference_model_proofs.json,,0,"full contract (Tier 2, the state-branching class: geckolib_migration_design.md section 5); the rig is not yet in-game (it lands through the seam in a later slice)",21.4,generator: 4 h + 0.2 h/bone x 22 + 1 h/clip x 13 to author or improve (owner adjusts),ScorpionRenderer;ScorpionModel,
spit_bug,EntitySpitBug,MONSTER,2,2,SpitBugModel,2,Tier 2,gait-scaled — trigonometric pose depends on limbSwingAmount,landed candidate,behind -Dorespawn.dev.geckolibRenderers=candidate,spitbug.geo.json,shipped,yes,spitbug.animation.json,spit_bug.bbmodel,SPEC.md,93,93,0,1,1,0.75,0.4125,pin,,,0,"full contract (Tier 2, the gait-scaled (with an attacking branch) class: geckolib_migration_design.md section 5); ON THE HOOK until idle and walk are delivered (Amendment 2): in-game through the seam behind the dev switch since the fifth Tier-2 slice (T2e, 2026-09-15)",33.6,generator: 4 h + 0.2 h/bone x 93 + 1 h/clip x 11 to author or improve (owner adjusts),SpitBugRenderer;SpitBugGeoReplacement;SpitBugModel,
terrible_terror,EntityTerribleTerror,MONSTER,1,0.75,TerribleTerrorModel,2,Tier 2,simple cyclic — time/phase-driven trigonometric pose,landed candidate,behind -Dorespawn.dev.geckolibRenderers=candidate,terribleterror.geo.json,shipped,yes,terribleterror.animation.json,terrible_terror.bbmodel,SPEC.md,21,21,0,1,1,0.75,0.3375,pin,,,0,"full contract (Tier 2, the simple-cyclic (with a |cos| channel) class: geckolib_migration_design.md section 5); ON THE HOOK until idle and walk are delivered (Amendment 2)",18.2,generator: 4 h + 0.2 h/bone x 21 + 1 h/clip x 10 to author or improve (owner adjusts),TerribleTerrorRenderer;TerribleTerrorGeoReplacement;TerribleTerrorModel,
triffid,EntityTriffid,MONSTER,2,4,TriffidModel,2,Tier 2,state-branching — setupAnim branches on entity state,classic only,"Tier 2 model TriffidModel; no geo landed yet — packaged from the reference leg's converter output (reference_triffid.geo.json: the rig is not yet in-game, its bone names final)",reference_triffid.geo.json,reference-leg converter output,no,,triffid.bbmodel,SPEC.md,178,178,0,1,1,1,0.3,pin,reference_model_proofs.json,,0,"full contract (Tier 2, the state-branching class: geckolib_migration_design.md section 5); the rig is not yet in-game (it lands through the seam in a later slice)",50.6,generator: 4 h + 0.2 h/bone x 178 + 1 h/clip x 11 to author or improve (owner adjusts),TriffidRenderer;TriffidModel,
trooper_bug,EntityTrooperBug,MONSTER,3,3.5,TrooperBugModel,2,Tier 2,gait-scaled — trigonometric pose depends on limbSwingAmount,landed candidate,behind -Dorespawn.dev.geckolibRenderers=candidate,trooperbug.geo.json,shipped,yes,trooperbug.animation.json,trooper_bug.bbmodel,SPEC.md,134,134,0,1,1,1.1,1.045,pin,,,0,"full contract (Tier 2, the gait-scaled (with an attacking branch) class: geckolib_migration_design.md section 5); ON THE HOOK until idle and walk are delivered (Amendment 2): in-game through the seam behind the dev switch since the fifth Tier-2 slice (T2e, 2026-09-15)",49.8,generator: 4 h + 0.2 h/bone x 134 + 1 h/clip x 19 to author or improve (owner adjusts),TrooperBugRenderer;TrooperBugGeoReplacement;TrooperBugModel,
vortex,EntityVortex,MONSTER,2,4,VortexModel,3,Tier 3,static — empty setupAnim,landed candidate,behind -Dorespawn.dev.geckolibRenderers=candidate,vortex.geo.json,shipped,yes,vortex.animation.json,vortex.bbmodel,SPEC.md,1,1,0,1,1,1,0.1,pin,s4_model_proofs.json,,0,none (Tier 3: a static single cube),0,seed (owner-set),VortexRenderer;VortexGeoReplacement;VortexModel,
worm_small,EntityWormSmall,MONSTER,0.25,1,WormSmallModel,2,Tier 2,simple cyclic — time/phase-driven trigonometric pose,landed candidate,behind -Dorespawn.dev.geckolibRenderers=candidate,wormsmall.geo.json,shipped,yes,wormsmall.animation.json,worm_small.bbmodel,SPEC.md,3,3,0,1,1,1,0.1,pin,,,0,"full contract (Tier 2, the simple-cyclic (with position chains) class: geckolib_migration_design.md section 5); ON THE HOOK until idle and walk are delivered (Amendment 2)",14.6,generator: 4 h + 0.2 h/bone x 3 + 1 h/clip x 10 to author or improve (owner adjusts),WormSmallRenderer;WormSmallGeoReplacement;WormSmallModel,
worm_medium,EntityWormMedium,MONSTER,0.5,2,WormMediumModel,2,Tier 2,simple cyclic — time/phase-driven trigonometric pose,landed candidate,behind -Dorespawn.dev.geckolibRenderers=candidate,wormmedium.geo.json,shipped,yes,wormmedium.animation.json,worm_medium.bbmodel,SPEC.md,8,8,0,1,1,1,0.25,pin,,,0,"full contract (Tier 2, the simple-cyclic (with position chains) class: geckolib_migration_design.md section 5); ON THE HOOK until idle and walk are delivered (Amendment 2)",17.6,generator: 4 h + 0.2 h/bone x 8 + 1 h/clip x 12 to author or improve (owner adjusts),WormMediumRenderer;WormMediumGeoReplacement;WormMediumModel,
worm_large,EntityWormLarge,CREATURE,1.55,2.5,WormLargeModel,2,Tier 2,simple cyclic — time/phase-driven trigonometric pose,landed candidate,behind -Dorespawn.dev.geckolibRenderers=candidate,wormlarge.geo.json,shipped,yes,wormlarge.animation.json,worm_large.bbmodel,SPEC.md,23,23,0,1,1,1,0.9,pin,,,0,"full contract (Tier 2, the simple-cyclic (with position chains) class: geckolib_migration_design.md section 5); ON THE HOOK until idle and walk are delivered (Amendment 2)",20.6,generator: 4 h + 0.2 h/bone x 23 + 1 h/clip x 12 to author or improve (owner adjusts),WormLargeRenderer;WormLargeGeoReplacement;WormLargeModel,
baryonyx,Baryonyx,CREATURE,1.5,2.8,ModelBaryonyx,2,Tier 2,gait-scaled — trigonometric pose depends on limbSwingAmount,landed candidate,behind -Dorespawn.dev.geckolibRenderers=candidate,baryonyx.geo.json,shipped,yes,baryonyx.animation.json,baryonyx.bbmodel,SPEC.md,52,52,0,1,1,1,1,pin,,,0,"full contract (Tier 2, the gait-scaled class: geckolib_migration_design.md section 5); ON THE HOOK until idle and walk are delivered (Amendment 2): in-game through the seam behind the dev switch since the fourth Tier-2 slice (T2d, 2026-09-14)",22.4,generator: 4 h + 0.2 h/bone x 52 + 1 h/clip x 8 to author or improve (owner adjusts),BaryonyxRenderer;BaryonyxGeoReplacement,
beaver,Beaver,CREATURE,0.6,0.8,ModelBeaver,2,Tier 2,gait-scaled — trigonometric pose depends on limbSwingAmount,landed candidate,behind -Dorespawn.dev.geckolibRenderers=candidate,beaver.geo.json,shipped,yes,beaver.animation.json,beaver.bbmodel,SPEC.md,9,9,4,1,1,0.75,0.1125,pin,g1_model_proofs.json,,0,"full contract (the Tier-2 pilot, scope addendum A.4)",12.8,generator: 4 h + 0.2 h/bone x 9 + 1 h/clip x 7 to author or improve (owner adjusts),BeaverRenderer;BeaverGeoReplacedRenderer;BeaverGeoReplacement,
cassowary,Cassowary,CREATURE,0.5,1.2,ModelCassowary,2,Tier 2,gait-scaled — trigonometric pose depends on limbSwingAmount,landed candidate,behind -Dorespawn.dev.geckolibRenderers=candidate,cassowary.geo.json,shipped,yes,cassowary.animation.json,cassowary.bbmodel,SPEC.md,12,12,0,1,1,1,0.5,pin,,,0,"full contract (Tier 2, the gait-scaled class: geckolib_migration_design.md section 5); ON THE HOOK until idle and walk are delivered (Amendment 2): in-game through the seam behind the dev switch since the fourth Tier-2 slice (T2d, 2026-09-14)",13.4,generator: 4 h + 0.2 h/bone x 12 + 1 h/clip x 7 to author or improve (owner adjusts),CassowaryRenderer;CassowaryGeoReplacement,
chipmunk,Chipmunk,AMBIENT,0.35,0.35,ModelChipmunk,2,Tier 2,state-branching — setupAnim branches on entity state,landed candidate,behind -Dorespawn.dev.geckolibRenderers=candidate,chipmunk.geo.json,shipped,yes,chipmunk.animation.json,chipmunk.bbmodel,SPEC.md,18,18,0,1,1,0.9,0.135,pin,,,0,"full contract (Tier 2, the state-branching class (a sitting branch freezes the tail): geckolib_migration_design.md section 5); ON THE HOOK until idle and walk are delivered (Amendment 2): in-game through the seam behind the dev switch since the fifth Tier-2 slice (T2e, 2026-09-15)",16.6,generator: 4 h + 0.2 h/bone x 18 + 1 h/clip x 9 to author or improve (owner adjusts),ChipmunkRenderer;ChipmunkGeoReplacement,
cockateil,Cockateil,CREATURE,0.5,0.5,ModelCockateil,2,Tier 2,simple cyclic — time/phase-driven trigonometric pose,landed candidate,behind -Dorespawn.dev.geckolibRenderers=candidate,cockateil.geo.json,shipped,yes,cockateil.animation.json,cockateil.bbmodel,SPEC.md,16,16,6,6,6,0.75,0.225,pin,,,0,"full contract (Tier 2, the simple-cyclic class: geckolib_migration_design.md section 5)",11.2,generator: 4 h + 0.2 h/bone x 16 + 1 h/clip x 4 to author or improve (owner adjusts),CockateilRenderer;CockateilGeoReplacement,
coin,Coin,AMBIENT,1.5,1.5,ModelCoin,3,Tier 3,gait-scaled — non-cyclic pose/head or inherited gait inputs,landed candidate,behind -Dorespawn.dev.geckolibRenderers=candidate,coin.geo.json,shipped,yes,coin.animation.json,coin.bbmodel,SPEC.md,1,1,0,1,1,0.125,0.09375,pin,s4_model_proofs.json,,0,none (Tier 3: code-driven; the coin spins by formula),0,seed (owner-set),CoinRenderer;CoinGeoReplacement,
easter_bunny,EasterBunny,CREATURE,0.5,0.75,ModelEasterBunny,2,Tier 2,gait-scaled — trigonometric pose depends on limbSwingAmount,landed candidate,behind -Dorespawn.dev.geckolibRenderers=candidate,easterbunny.geo.json,shipped,yes,easterbunny.animation.json,easter_bunny.bbmodel,SPEC.md,13,13,0,1,1,1,0.5,pin,,,0,"full contract (Tier 2, the gait-scaled class (with a standing branch on the ears): geckolib_migration_design.md section 5); ON THE HOOK until idle and walk are delivered (Amendment 2): in-game through the seam behind the dev switch since the fourth Tier-2 slice (T2d, 2026-09-14)",14.6,generator: 4 h + 0.2 h/bone x 13 + 1 h/clip x 8 to author or improve (owner adjusts),EasterBunnyRenderer;EasterBunnyGeoReplacement,
flounder,Flounder,WATER_CREATURE,0.55,0.25,ModelFlounder,2,Tier 2,gait-scaled — trigonometric pose depends on limbSwingAmount,landed candidate,behind -Dorespawn.dev.geckolibRenderers=candidate,flounder.geo.json,shipped,yes,flounder.animation.json,flounder.bbmodel,SPEC.md,6,6,0,1,1,1,0.1,pin,,,0,"full contract (Tier 2, the gait-scaled class: geckolib_migration_design.md section 5); ON THE HOOK until idle and walk are delivered (Amendment 2): in-game through the seam behind the dev switch since the fourth Tier-2 slice (T2d, 2026-09-14)",11.2,generator: 4 h + 0.2 h/bone x 6 + 1 h/clip x 6 to author or improve (owner adjusts),FlounderRenderer;FlounderGeoReplacement,
frog,Frog,CREATURE,0.75,0.75,ModelFrog,2,Tier 2,state-branching — setupAnim branches on entity state,classic only,"Tier 2 model ModelFrog; no geo landed yet — packaged from the reference leg's converter output (reference_frog.geo.json: the rig is not yet in-game, its bone names final)",reference_frog.geo.json,reference-leg converter output,no,,frog.bbmodel,SPEC.md,10,10,0,1,1,1,0.35,pin,reference_model_proofs.json,,0,"full contract (Tier 2, the state-branching class: geckolib_migration_design.md section 5); the rig is not yet in-game (it lands through the seam in a later slice)",18,generator: 4 h + 0.2 h/bone x 10 + 1 h/clip x 12 to author or improve (owner adjusts),FrogRenderer,
gazelle,Gazelle,CREATURE,0.6,1.8,ModelGazelle,2,Tier 2,state-branching — setupAnim branches on entity state,classic only,"Tier 2 model ModelGazelle; no geo landed yet — packaged from the reference leg's converter output (reference_gazelle.geo.json: the rig is not yet in-game, its bone names final)",reference_gazelle.geo.json,reference-leg converter output,no,,gazelle.bbmodel,SPEC.md,34,34,0,1,1,1,0.45,pin,reference_model_proofs.json,,0,"full contract (Tier 2, the state-branching class: geckolib_migration_design.md section 5); the rig is not yet in-game (it lands through the seam in a later slice)",21.8,generator: 4 h + 0.2 h/bone x 34 + 1 h/clip x 11 to author or improve (owner adjusts),GazelleRenderer,
gold_fish,GoldFish,CREATURE,0.75,0.5,ModelGoldFish,2,Tier 2,simple cyclic — time/phase-driven trigonometric pose,landed candidate,behind -Dorespawn.dev.geckolibRenderers=candidate,goldfish.geo.json,shipped,yes,goldfish.animation.json,gold_fish.bbmodel,SPEC.md,16,16,7,1,1,1,0.2,pin,,,0,"full contract (Tier 2, the simple-cyclic class: geckolib_migration_design.md section 5)",11.2,generator: 4 h + 0.2 h/bone x 16 + 1 h/clip x 4 to author or improve (owner adjusts),GoldFishRenderer;GoldFishGeoReplacement,
island,Island,CREATURE,0.5,0.5,ModelIsland,3,Tier 3,gait-scaled — trigonometric pose depends on limbSwingAmount,landed candidate,behind -Dorespawn.dev.geckolibRenderers=candidate,island.geo.json,shipped,yes,island.animation.json,island.bbmodel,SPEC.md,3,3,0,1,1,1,0.25,pin,s4_model_proofs.json,,0,none (Tier 3: code-driven tumble),0,seed (owner-set),IslandRenderer;IslandGeoReplacement,
island_too,IslandToo,CREATURE,0.5,0.5,ModelIsland,3,Tier 3,gait-scaled — trigonometric pose depends on limbSwingAmount,landed candidate,behind -Dorespawn.dev.geckolibRenderers=candidate,islandtoo.geo.json,shipped,yes,islandtoo.animation.json,island_too.bbmodel,SPEC.md,3,3,0,1,1,1,0.25,pin,s4_model_proofs.json,,0,none (Tier 3: code-driven tumble),0,seed (owner-set),IslandTooRenderer;IslandTooGeoReplacement,
peacock,Peacock,AMBIENT,0.65,1.2,ModelPeacock,2,Tier 2,state-branching — setupAnim branches on entity state,classic only,"Tier 2 model ModelPeacock; no geo landed yet — packaged from the reference leg's converter output (reference_peacock.geo.json: the rig is not yet in-game, its bone names final)",reference_peacock.geo.json,reference-leg converter output,no,,peacock.bbmodel,SPEC.md,16,16,0,1,1,1,0.25,pin,reference_model_proofs.json,,0,"full contract (Tier 2, the state-branching class: geckolib_migration_design.md section 5); the rig is not yet in-game (it lands through the seam in a later slice)",16.2,generator: 4 h + 0.2 h/bone x 16 + 1 h/clip x 9 to author or improve (owner adjusts),PeacockRenderer,
whale,Whale,CREATURE,1.5,2.5,ModelWhale,2,Tier 2,gait-scaled — trigonometric pose depends on limbSwingAmount,landed candidate,behind -Dorespawn.dev.geckolibRenderers=candidate,whale.geo.json,shipped,yes,whale.animation.json,whale.bbmodel,SPEC.md,14,14,0,1,1,1,0.1,pin,,,0,"full contract (Tier 2, the gait-scaled class: geckolib_migration_design.md section 5); ON THE HOOK until idle and walk are delivered (Amendment 2): in-game through the seam behind the dev switch since the fifth Tier-2 slice (T2e, 2026-09-15)",15.8,generator: 4 h + 0.2 h/bone x 14 + 1 h/clip x 9 to author or improve (owner adjusts),WhaleRenderer;WhaleGeoReplacement,
ant,EntityAnt,CREATURE,0.1,0.1,AntModel,2,Tier 2,gait-scaled — trigonometric pose depends on limbSwingAmount,landed candidate,behind -Dorespawn.dev.geckolibRenderers=candidate,ant.geo.json,shipped,yes,ant.animation.json,ant.bbmodel,SPEC.md,20,20,3,1,1,0.25,0.025,pin,,,0,"full contract (Tier 2, the gait-scaled class: geckolib_migration_design.md section 5)",12,generator: 4 h + 0.2 h/bone x 20 + 1 h/clip x 4 to author or improve (owner adjusts),AntRenderer;AntGeoReplacement;AntModel,
cliff_racer,EntityCliffRacer,CREATURE,0.75,0.5,CliffRacerModel,2,Tier 2,simple cyclic — time/phase-driven trigonometric pose,landed candidate,behind -Dorespawn.dev.geckolibRenderers=candidate,cliffracer.geo.json,shipped,yes,cliffracer.animation.json,cliff_racer.bbmodel,SPEC.md,8,8,2,1,1,1,0.3,pin,,,0,"full contract (Tier 2, the simple-cyclic class: geckolib_migration_design.md section 5)",9.6,generator: 4 h + 0.2 h/bone x 8 + 1 h/clip x 4 to author or improve (owner adjusts),CliffRacerRenderer;CliffRacerGeoReplacement;CliffRacerModel,
cricket,EntityCricket,CREATURE,0.1,0.1,CricketModel,2,Tier 2,gait-scaled — trigonometric pose depends on limbSwingAmount,landed candidate,behind -Dorespawn.dev.geckolibRenderers=candidate,cricket.geo.json,shipped,yes,cricket.animation.json,cricket.bbmodel,SPEC.md,11,11,0,1,1,0.5,0.075,pin,,,0,"full contract (Tier 2, the gait-scaled (with the threshold idiom) class: geckolib_migration_design.md section 5); ON THE HOOK until idle and walk are delivered (Amendment 2)",13.2,generator: 4 h + 0.2 h/bone x 11 + 1 h/clip x 7 to author or improve (owner adjusts),CricketRenderer;CricketGeoReplacement;CricketModel,
dragonfly,EntityDragonfly,CREATURE,1.5,0.5,DragonflyModel,2,Tier 2,simple cyclic — time/phase-driven trigonometric pose,landed candidate,behind -Dorespawn.dev.geckolibRenderers=candidate,dragonfly.geo.json,shipped,yes,dragonfly.animation.json,dragonfly.bbmodel,SPEC.md,26,26,3,1,1,1.5,0.45,pin,,,0,"full contract (Tier 2, the simple-cyclic class: geckolib_migration_design.md section 5)",14.2,generator: 4 h + 0.2 h/bone x 26 + 1 h/clip x 5 to author or improve (owner adjusts),DragonflyRenderer;DragonflyGeoReplacement;DragonflyModel,
red_ant,EntityRedAnt,CREATURE,0.2,0.2,AntModel,2,Tier 2,gait-scaled — trigonometric pose depends on limbSwingAmount,landed candidate,behind -Dorespawn.dev.geckolibRenderers=candidate,ant.geo.json,shipped,yes,ant.animation.json,red_ant.bbmodel,SPEC.md,20,20,3,1,1,0.35,0.0525,pin,,,0,"full contract (Tier 2, the gait-scaled class: geckolib_migration_design.md section 5)",13,generator: 4 h + 0.2 h/bone x 20 + 1 h/clip x 5 to author or improve (owner adjusts),RedAntRenderer;RedAntGeoReplacement,
rainbow_ant,EntityRainbowAnt,CREATURE,0.1,0.1,AntModel,2,Tier 2,gait-scaled — trigonometric pose depends on limbSwingAmount,landed candidate,behind -Dorespawn.dev.geckolibRenderers=candidate,ant.geo.json,shipped,yes,ant.animation.json,rainbow_ant.bbmodel,SPEC.md,20,20,3,1,1,0.25,0.025,pin,,,0,"full contract (Tier 2, the gait-scaled class: geckolib_migration_design.md section 5)",12,generator: 4 h + 0.2 h/bone x 20 + 1 h/clip x 4 to author or improve (owner adjusts),RainbowAntRenderer;RainbowAntGeoReplacement,
stink_bug,EntityStinkBug,CREATURE,0.55,0.55,StinkBugModel,2,Tier 2,gait-scaled — trigonometric pose depends on limbSwingAmount,landed candidate,behind -Dorespawn.dev.geckolibRenderers=candidate,stinkbug.geo.json,shipped,yes,stinkbug.animation.json,stink_bug.bbmodel,SPEC.md,50,50,0,1,1,0.85,0.2975,pin,,,0,"full contract (Tier 2, the gait-scaled class: geckolib_migration_design.md section 5); ON THE HOOK until idle and walk are delivered (Amendment 2): in-game through the seam behind the dev switch since the fifth Tier-2 slice (T2e, 2026-09-15)",26,generator: 4 h + 0.2 h/bone x 50 + 1 h/clip x 12 to author or improve (owner adjusts),StinkBugRenderer;StinkBugGeoReplacement;StinkBugModel,
termite,EntityTermite,CREATURE,0.2,0.2,AntModel,2,Tier 2,gait-scaled — trigonometric pose depends on limbSwingAmount,landed candidate,behind -Dorespawn.dev.geckolibRenderers=candidate,ant.geo.json,shipped,yes,ant.animation.json,termite.bbmodel,SPEC.md,20,20,3,1,1,0.35,0.0525,pin,,,0,"full contract (Tier 2, the gait-scaled class: geckolib_migration_design.md section 5)",13,generator: 4 h + 0.2 h/bone x 20 + 1 h/clip x 5 to author or improve (owner adjusts),TermiteRenderer;TermiteGeoReplacement,
tshirt,EntityTshirt,MISC,4,4,TshirtModel,2,Tier 2,simple cyclic — time/phase-driven trigonometric pose,landed candidate,behind -Dorespawn.dev.geckolibRenderers=candidate,tshirt.geo.json,shipped,yes,tshirt.animation.json,tshirt.bbmodel,SPEC.md,2,2,2,1,1,0.33,0.33,pin,,,0,"full contract (Tier 2, the simple-cyclic class: geckolib_migration_design.md section 5)",7.4,generator: 4 h + 0.2 h/bone x 2 + 1 h/clip x 3 to author or improve (owner adjusts),TshirtRenderer;TshirtGeoReplacement;TshirtModel,
unstable_ant,EntityUnstableAnt,CREATURE,0.1,0.1,AntModel,2,Tier 2,gait-scaled — trigonometric pose depends on limbSwingAmount,landed candidate,behind -Dorespawn.dev.geckolibRenderers=candidate,ant.geo.json,shipped,yes,ant.animation.json,unstable_ant.bbmodel,SPEC.md,20,20,3,1,1,0.25,0.025,pin,,,0,"full contract (Tier 2, the gait-scaled class: geckolib_migration_design.md section 5)",12,generator: 4 h + 0.2 h/bone x 20 + 1 h/clip x 4 to author or improve (owner adjusts),UnstableAntRenderer;UnstableAntGeoReplacement,
boyfriend,Boyfriend,CREATURE,0.5,1.6,ModelBoyfriend,2,Tier 2,gait-scaled — inherits HumanoidModel movement-scaled gait,classic only,"Tier 2 model ModelBoyfriend; no geo landed yet — packaged from the reference leg's converter output (reference_boyfriend.geo.json: the rig is not yet in-game, its bone names final)",reference_boyfriend.geo.json,reference-leg converter output,no,,boyfriend.bbmodel,SPEC.md,7,7,0,48,48,1,0.55,pin,reference_model_proofs.json,,0,"full contract (Tier 2, the gait-scaled class (the vanilla biped: distance-phased limbs, time-phased arm sway): geckolib_migration_design.md section 5); the rig is not yet in-game (it lands on the hook in a Tier-2 slice as the Cannon Fodder did) - packaged from the reference leg's converter output over ModelBoyfriend's compiled LayerDefinition (reference_boyfriend, a geometry-only entry with no 1.7.10 source: TEST-010 (a), owner 2026-09-14, item 4); the seven vanilla HumanoidModel bone names are final",16.4,generator: 4 h + 0.2 h/bone x 7 + 1 h/clip x 11 to author or improve (owner adjusts),BoyfriendRenderer,
camarasaurus,Camarasaurus,CREATURE,0.5,1.2,ModelCamarasaurus,2,Tier 2,gait-scaled — trigonometric pose depends on limbSwingAmount,landed candidate,behind -Dorespawn.dev.geckolibRenderers=candidate,camarasaurus.geo.json,shipped,yes,camarasaurus.animation.json,camarasaurus.bbmodel,SPEC.md,21,21,0,1,1,0.65,0.4225,pin,,,0,"full contract (Tier 2, the gait-scaled class (the tail scaled by health; a hand-written FK chain on the neck and tail): geckolib_migration_design.md section 5); ON THE HOOK until idle and walk are delivered (Amendment 2): in-game through the seam behind the dev switch since the fourth Tier-2 slice (T2d, 2026-09-14)",17.2,generator: 4 h + 0.2 h/bone x 21 + 1 h/clip x 9 to author or improve (owner adjusts),CamarasaurusRenderer;CamarasaurusGeoReplacement,
dragon,Dragon,CREATURE,1.5,1.25,ModelDragon,1,Tier 1 (boss),state-branching — setupAnim branches on entity state,classic only,"Tier 1 model ModelDragon; no geo landed yet — packaged from the reference leg's converter output (reference_dragon.geo.json: the rig is not yet in-game, its bone names final)",reference_dragon.geo.json,reference-leg converter output,no,,dragon.bbmodel,SPEC.md,55,55,0,2,2,1,1.25,pin,reference_model_proofs.json,,11,"full contract (Tier 1, the state-branching class: geckolib_migration_design.md section 5) with the §8.1 locks; the rig is not yet in-game (it lands through the seam in a later slice)",43.2,generator: 8 h + 0.15 h/bone x 55 + 1.5 h/clip x 18 to author or improve (owner adjusts),DragonRenderer,
baby_dragon,BabyDragon,CREATURE,1,1.4,ModelDragon,1,Tier 1 (boss),state-branching — setupAnim branches on entity state,classic only,"Tier 1 model ModelDragon; no geo landed yet — packaged from the reference leg's converter output (reference_dragon.geo.json: the rig is not yet in-game, its bone names final)",reference_dragon.geo.json,reference-leg converter output,no,,baby_dragon.bbmodel,SPEC.md,55,55,0,2,2,,,no pin,reference_model_proofs.json,,11,"full contract (Tier 1, the state-branching class: geckolib_migration_design.md section 5) with the §8.1 locks; the rig is not yet in-game (it lands through the seam in a later slice)",43.2,generator: 8 h + 0.15 h/bone x 55 + 1.5 h/clip x 18 to author or improve (owner adjusts),BabyDragonRenderer,
cannon_fodder,EntityCannonFodder,CREATURE,0.6,0.6,CannonFodderModel,2,Tier 2,gait-scaled — trigonometric pose depends on limbSwingAmount,landed candidate,behind -Dorespawn.dev.geckolibRenderers=candidate,cannonfodder.geo.json,shipped,yes,cannonfodder.animation.json,cannon_fodder.bbmodel,SPEC.md,6,6,0,1,1,,,no pin,,,0,"full contract (Tier 2, the gait-scaled (a walk-distance gait) class: geckolib_migration_design.md section 5); ON THE HOOK until idle and walk are delivered (Amendment 2)",13.2,generator: 4 h + 0.2 h/bone x 6 + 1 h/clip x 8 to author or improve (owner adjusts),CannonFodderRenderer;CannonFodderGeoReplacement;CannonFodderModel,
gamma_metroid,EntityGammaMetroid,MONSTER,1.5,1.5,GammaMetroidModel,2,Tier 2,simple cyclic — time/phase-driven trigonometric pose,landed candidate,behind -Dorespawn.dev.geckolibRenderers=candidate,gammametroid.geo.json,shipped,yes,gammametroid.animation.json,gamma_metroid.bbmodel,SPEC.md,21,21,0,1,1,0.9,0.675,pin,,,0,"full contract (Tier 2, the simple-cyclic (with a |cos| channel) class: geckolib_migration_design.md section 5); ON THE HOOK until idle and walk are delivered (Amendment 2)",18.2,generator: 4 h + 0.2 h/bone x 21 + 1 h/clip x 10 to author or improve (owner adjusts),GammaMetroidRenderer;GammaMetroidGeoReplacement;GammaMetroidModel,
girlfriend,Girlfriend,CREATURE,0.5,1.6,ModelGirlfriend,2,Tier 2,gait-scaled — inherits HumanoidModel movement-scaled gait,classic only,"Tier 2 model ModelGirlfriend; no geo landed yet — packaged from the reference leg's converter output (reference_girlfriend.geo.json: the rig is not yet in-game, its bone names final)",reference_girlfriend.geo.json,reference-leg converter output,no,,girlfriend.bbmodel,SPEC.md,7,7,0,42,42,1,0.5,pin,reference_model_proofs.json,,0,"full contract (Tier 2, the gait-scaled class (the vanilla biped: distance-phased limbs, time-phased arm sway): geckolib_migration_design.md section 5); the rig is not yet in-game (it lands on the hook in a Tier-2 slice as the Cannon Fodder did) - packaged from the reference leg's converter output over ModelGirlfriend's compiled LayerDefinition (reference_girlfriend, a geometry-only entry with no 1.7.10 source: TEST-010 (a), owner 2026-09-14, item 4); the seven vanilla HumanoidModel bone names are final",17.4,generator: 4 h + 0.2 h/bone x 7 + 1 h/clip x 12 to author or improve (owner adjusts),GirlfriendRenderer,
hydrolisc,EntityHydrolisc,CREATURE,0.5,0.5,HydroliscModel,2,Tier 2,state-branching — setupAnim branches on entity state,landed candidate,behind -Dorespawn.dev.geckolibRenderers=candidate,hydrolisc.geo.json,shipped,yes,hydrolisc.animation.json,hydrolisc.bbmodel,SPEC.md,40,40,0,1,1,0.65,0.4225,pin,,,0,"full contract (Tier 2, the state-branching class (a sitting branch on the tail; the crest scaled by health): geckolib_migration_design.md section 5); ON THE HOOK until idle and walk are delivered (Amendment 2): in-game through the seam behind the dev switch since the fifth Tier-2 slice (T2e, 2026-09-15)",24,generator: 4 h + 0.2 h/bone x 40 + 1 h/clip x 12 to author or improve (owner adjusts),HydroliscRenderer;HydroliscGeoReplacement;HydroliscModel,
leon,EntityLeon,CREATURE,3.5,8.25,LeonModel,1,Tier 1 (boss),state-branching — setupAnim branches on entity state,classic only,"Tier 1 model LeonModel; no geo landed yet — packaged from the reference leg's converter output (reference_leon.geo.json: the rig is not yet in-game, its bone names final)",reference_leon.geo.json,reference-leg converter output,no,,leon.bbmodel,SPEC.md,98,98,0,1,1,1.75,1.75,pin,reference_model_proofs.json,,22,"full contract (Tier 1, the state-branching class: geckolib_migration_design.md section 5) with the §8.1 locks; the rig is not yet in-game (it lands through the seam in a later slice)",57.2,generator: 8 h + 0.15 h/bone x 98 + 1.5 h/clip x 23 to author or improve (owner adjusts),LeonRenderer;LeonModel,
leonopteryx,EntityLeon,CREATURE,3.5,8.25,LeonModel,1,Tier 1 (boss),state-branching — setupAnim branches on entity state,classic only,"Tier 1 model LeonModel; no geo landed yet — packaged from the reference leg's converter output (reference_leon.geo.json: the rig is not yet in-game, its bone names final)",reference_leon.geo.json,reference-leg converter output,no,,leonopteryx.bbmodel,SPEC.md,98,98,0,1,1,1.75,1.75,pin,reference_model_proofs.json,,22,"full contract (Tier 1, the state-branching class: geckolib_migration_design.md section 5) with the §8.1 locks; the rig is not yet in-game (it lands through the seam in a later slice)",57.2,generator: 8 h + 0.15 h/bone x 98 + 1.5 h/clip x 23 to author or improve (owner adjusts),LeonRenderer;LeonModel,
lizard,Lizard,CREATURE,1.5,1.25,LizardModel,2,Tier 2,state-branching — setupAnim branches on entity state,landed candidate,behind -Dorespawn.dev.geckolibRenderers=candidate,lizard.geo.json,shipped,yes,lizard.animation.json,lizard.bbmodel,SPEC.md,71,71,0,1,1,1,0.75,pin,,,0,"full contract (Tier 2, the state-branching class (an attacking branch on the jaw and tail): geckolib_migration_design.md section 5); ON THE HOOK until idle and walk are delivered (Amendment 2): in-game through the seam behind the dev switch since the fifth Tier-2 slice (T2e, 2026-09-15)",30.2,generator: 4 h + 0.2 h/bone x 71 + 1 h/clip x 12 to author or improve (owner adjusts),LizardRenderer;LizardGeoReplacement;LizardModel,
ostrich,Ostrich,CREATURE,0.85,2.1,OstrichModel,2,Tier 2,state-branching — setupAnim branches on entity state,classic only,"Tier 2 model OstrichModel; no geo landed yet — packaged from the reference leg's converter output (reference_ostrich.geo.json: the rig is not yet in-game, its bone names final)",reference_ostrich.geo.json,reference-leg converter output,no,,ostrich.bbmodel,SPEC.md,38,38,0,1,1,1,0.55,pin,reference_model_proofs.json,,0,"full contract (Tier 2, the state-branching class: geckolib_migration_design.md section 5); the rig is not yet in-game (it lands through the seam in a later slice)",22.6,generator: 4 h + 0.2 h/bone x 38 + 1 h/clip x 11 to author or improve (owner adjusts),OstrichRenderer;OstrichModel,
rubber_ducky,EntityRubberDucky,WATER_CREATURE,0.33,0.5,RubberDuckyModel,2,Tier 2,simple cyclic — time/phase-driven trigonometric pose,landed candidate,behind -Dorespawn.dev.geckolibRenderers=candidate,rubberducky.geo.json,shipped,yes,rubberducky.animation.json,rubber_ducky.bbmodel,SPEC.md,8,8,0,1,1,0.75,0.1125,pin,,,0,"full contract (Tier 2, the simple-cyclic (with a |cos| channel and a head look) class: geckolib_migration_design.md section 5); ON THE HOOK until idle and walk are delivered (Amendment 2)",15.6,generator: 4 h + 0.2 h/bone x 8 + 1 h/clip x 10 to author or improve (owner adjusts),RubberDuckyRenderer;RubberDuckyGeoReplacement;RubberDuckyModel,
spyro,EntitySpyro,CREATURE,0.5,0.5,SpyroModel,2,Tier 2,state-branching — setupAnim branches on entity state,classic only,"Tier 2 model SpyroModel; no geo landed yet — packaged from the reference leg's converter output (reference_spyro.geo.json: the rig is not yet in-game, its bone names final)",reference_spyro.geo.json,reference-leg converter output,no,,spyro.bbmodel,SPEC.md,37,37,0,1,1,0.75,0.4875,pin,reference_model_proofs.json,,0,"full contract (Tier 2, the state-branching class: geckolib_migration_design.md section 5); the rig is not yet in-game (it lands through the seam in a later slice)",24.4,generator: 4 h + 0.2 h/bone x 37 + 1 h/clip x 13 to author or improve (owner adjusts),SpyroRenderer;SpyroModel,
stinky,EntityStinky,CREATURE,0.75,0.75,StinkyModel,2,Tier 2,state-branching — setupAnim branches on entity state,classic only,"Tier 2 model StinkyModel; no geo landed yet — packaged from the reference leg's converter output (reference_stinky.geo.json: the rig is not yet in-game, its bone names final)",reference_stinky.geo.json,reference-leg converter output,no,,stinky.bbmodel,SPEC.md,20,20,0,1,1,1,0.75,pin,reference_model_proofs.json,,0,"full contract (Tier 2, the state-branching class: geckolib_migration_design.md section 5); the rig is not yet in-game (it lands through the seam in a later slice)",21,generator: 4 h + 0.2 h/bone x 20 + 1 h/clip x 13 to author or improve (owner adjusts),StinkyRenderer;StinkyModel,
the_prince,ThePrince,CREATURE,0.75,1.25,ModelThePrince,1,Tier 1 (boss),state-branching — setupAnim branches on entity state,classic only,"Tier 1 model ModelThePrince; no geo landed yet — packaged from the reference leg's converter output (reference_theprince.geo.json: the rig is not yet in-game, its bone names final)",reference_theprince.geo.json,reference-leg converter output,no,,the_prince.bbmodel,SPEC.md,35,35,0,1,1,0.75,0.5625,pin,reference_model_proofs.json,,10,"full contract (Tier 1, the state-branching class: geckolib_migration_design.md section 5) with the §8.1 locks; the rig is not yet in-game (it lands through the seam in a later slice)",37.2,generator: 8 h + 0.15 h/bone x 35 + 1.5 h/clip x 16 to author or improve (owner adjusts),ThePrinceRenderer,
the_prince_adult,ThePrinceAdult,CREATURE,6.25,10.25,ModelThePrinceAdult,1,Tier 1 (boss),state-branching — setupAnim branches on entity state,classic only,"Tier 1 model ModelThePrinceAdult; no geo landed yet — packaged from the reference leg's converter output (reference_theprinceadult.geo.json: the rig is not yet in-game, its bone names final)",reference_theprinceadult.geo.json,reference-leg converter output,no,,the_prince_adult.bbmodel,SPEC.md,119,119,0,1,1,1,1.2,pin,reference_model_proofs.json,,17,"full contract (Tier 1, the state-branching class: geckolib_migration_design.md section 5) with the §8.1 locks; the rig is not yet in-game (it lands through the seam in a later slice)",61.8,generator: 8 h + 0.15 h/bone x 119 + 1.5 h/clip x 24 to author or improve (owner adjusts),ThePrinceAdultRenderer,
the_princess,ThePrincess,CREATURE,0.75,1.25,ModelThePrincess,1,Tier 1 (boss),state-branching — setupAnim branches on entity state,classic only,"Tier 1 model ModelThePrincess; no geo landed yet — packaged from the reference leg's converter output (reference_theprincess.geo.json: the rig is not yet in-game, its bone names final)",reference_theprincess.geo.json,reference-leg converter output,no,,the_princess.bbmodel,SPEC.md,37,37,0,1,1,0.7,0.49,pin,reference_model_proofs.json,,10,"full contract (Tier 1, the state-branching class: geckolib_migration_design.md section 5) with the §8.1 locks; the rig is not yet in-game (it lands through the seam in a later slice)",42,generator: 8 h + 0.15 h/bone x 37 + 1.5 h/clip x 19 to author or improve (owner adjusts),ThePrincessRenderer,
the_prince_teen,ThePrinceTeen,CREATURE,3.25,4.25,ModelThePrinceTeen,1,Tier 1 (boss),state-branching — setupAnim branches on entity state,classic only,"Tier 1 model ModelThePrinceTeen; no geo landed yet — packaged from the reference leg's converter output (reference_theprinceteen.geo.json: the rig is not yet in-game, its bone names final)",reference_theprinceteen.geo.json,reference-leg converter output,no,,the_prince_teen.bbmodel,SPEC.md,71,71,0,1,1,1.25,1.25,pin,reference_model_proofs.json,,16,"full contract (Tier 1, the state-branching class: geckolib_migration_design.md section 5) with the §8.1 locks; the rig is not yet in-game (it lands through the seam in a later slice)",42.6,generator: 8 h + 0.15 h/bone x 71 + 1.5 h/clip x 16 to author or improve (owner adjusts),ThePrinceTeenRenderer,
velocity_raptor,VelocityRaptor,CREATURE,0.5,0.6,VelocityRaptorModel,2,Tier 2,gait-scaled — trigonometric pose depends on limbSwingAmount,landed candidate,behind -Dorespawn.dev.geckolibRenderers=candidate,velocityraptor.geo.json,shipped,yes,velocityraptor.animation.json,velocity_raptor.bbmodel,SPEC.md,34,34,0,1,1,0.75,0.4125,pin,,,0,"full contract (Tier 2, the gait-scaled class: geckolib_migration_design.md section 5); ON THE HOOK until idle and walk are delivered (Amendment 2): in-game through the seam behind the dev switch since the fifth Tier-2 slice (T2e, 2026-09-15)",24.8,generator: 4 h + 0.2 h/bone x 34 + 1 h/clip x 14 to author or improve (owner adjusts),VelocityRaptorRenderer;VelocityRaptorGeoReplacement;VelocityRaptorModel,
water_dragon,WaterDragon,WATER_CREATURE,1.25,1.9,ModelWaterDragon,1,Tier 1 (boss),state-branching — setupAnim branches on entity state,classic only,"Tier 1 model ModelWaterDragon; no geo landed yet — packaged from the reference leg's converter output (reference_waterdragon.geo.json: the rig is not yet in-game, its bone names final)",reference_waterdragon.geo.json,reference-leg converter output,no,,water_dragon.bbmodel,SPEC.md,24,24,0,1,1,1.1,0.935,pin,reference_model_proofs.json,,11,"full contract (Tier 1, the state-branching class: geckolib_migration_design.md section 5) with the §8.1 locks; the rig is not yet in-game (it lands through the seam in a later slice)",40.1,generator: 8 h + 0.15 h/bone x 24 + 1.5 h/clip x 19 to author or improve (owner adjusts),WaterDragonRenderer,
butterfly,EntityButterfly,AMBIENT,0.4,0.4,ButterflyModel,1,Tier 1 (boss),simple cyclic — time/phase-driven trigonometric pose,classic only,"Tier 1 model ButterflyModel; no geo landed yet — packaged from the reference leg's converter output (reference_butterfly.geo.json: the rig is not yet in-game, its bone names final)",reference_butterfly.geo.json,reference-leg converter output,no,,butterfly.bbmodel,SPEC.md,10,10,0,4,4,1,0.3,pin,reference_model_proofs.json,,0,"full contract (Tier 1, the simple-cyclic class: geckolib_migration_design.md section 5) with the §8.1 locks (none pre-declared: the design's section 6 keeps this consumer of the shared ButterflyModel single-box); the rig is not yet in-game (it lands through the seam in a later slice)",18.5,generator: 8 h + 0.15 h/bone x 10 + 1.5 h/clip x 6 to author or improve (owner adjusts),ButterflyRenderer;ButterflyModel,
luna_moth,EntityLunaMoth,AMBIENT,0.5,0.5,ButterflyModel,1,Tier 1 (boss),simple cyclic — time/phase-driven trigonometric pose,classic only,"Tier 1 model ButterflyModel; no geo landed yet — packaged from the reference leg's converter output (reference_butterfly.geo.json: the rig is not yet in-game, its bone names final)",reference_butterfly.geo.json,reference-leg converter output,no,,luna_moth.bbmodel,SPEC.md,10,10,0,4,4,1.5,0.6,pin,reference_model_proofs.json,,0,"full contract (Tier 1, the simple-cyclic class: geckolib_migration_design.md section 5) with the §8.1 locks (none pre-declared: the design's section 6 keeps this consumer of the shared ButterflyModel single-box); the rig is not yet in-game (it lands through the seam in a later slice)",17,generator: 8 h + 0.15 h/bone x 10 + 1.5 h/clip x 5 to author or improve (owner adjusts),LunaMothRenderer,
mosquito,EntityMosquito,AMBIENT,0.2,0.2,MosquitoModel,2,Tier 2,simple cyclic — time/phase-driven trigonometric pose,landed candidate,behind -Dorespawn.dev.geckolibRenderers=candidate,mosquito.geo.json,shipped,yes,mosquito.animation.json,mosquito.bbmodel,SPEC.md,5,5,2,1,1,0.5,0.15,pin,,,0,"full contract (Tier 2, the simple-cyclic class: geckolib_migration_design.md section 5)",9,generator: 4 h + 0.2 h/bone x 5 + 1 h/clip x 4 to author or improve (owner adjusts),MosquitoRenderer;MosquitoGeoReplacement;MosquitoModel,
fairy,Fairy,AMBIENT,0.4,0.8,FairyModel,2,Tier 2,simple cyclic — time/phase-driven trigonometric pose,landed candidate,behind -Dorespawn.dev.geckolibRenderers=candidate,fairy.geo.json,shipped,yes,fairy.animation.json,fairy.bbmodel,SPEC.md,15,15,0,9,9,0.35,0.035,pin,,,0,"full contract (Tier 2, the simple-cyclic (with a head look) class: geckolib_migration_design.md section 5); ON THE HOOK until idle and walk are delivered (Amendment 2)",19,generator: 4 h + 0.2 h/bone x 15 + 1 h/clip x 12 to author or improve (owner adjusts),FairyRenderer;FairyGeoReplacement;FairyModel,
firefly,Firefly,AMBIENT,0.4,0.8,FireflyModel,2,Tier 2,simple cyclic — time/phase-driven trigonometric pose,landed candidate,behind -Dorespawn.dev.geckolibRenderers=candidate,firefly.geo.json,shipped,yes,firefly.animation.json,firefly.bbmodel,SPEC.md,12,12,2,1,1,0.75,0.15,pin,,,0,"full contract (Tier 2, the simple-cyclic class: geckolib_migration_design.md section 5)",10.4,generator: 4 h + 0.2 h/bone x 12 + 1 h/clip x 4 to author or improve (owner adjusts),FireflyRenderer;FireflyGeoReplacement;FireflyModel,
ghost,Ghost,MONSTER,0.5,1.5,GhostModel,2,Tier 2,simple cyclic — time/phase-driven trigonometric pose,classic only,"Tier 2 model GhostModel; no geo landed yet — packaged from the reference leg's converter output (reference_ghost.geo.json: the rig is not yet in-game, its bone names final)",reference_ghost.geo.json,reference-leg converter output,no,,ghost.bbmodel,SPEC.md,3,3,0,1,1,0.65,0,pin,reference_model_proofs.json,,0,"full contract (Tier 2, the simple-cyclic class: geckolib_migration_design.md section 5); the rig is not yet in-game (it lands through the seam in a later slice)",16.6,generator: 4 h + 0.2 h/bone x 3 + 1 h/clip x 12 to author or improve (owner adjusts),GhostRenderer;GhostModel,
ghost_skelly,GhostSkelly,MONSTER,1.5,2,GhostSkellyModel,2,Tier 2,state-branching — setupAnim branches on entity state,landed candidate,behind -Dorespawn.dev.geckolibRenderers=candidate,ghostskelly.geo.json,shipped,yes,ghostskelly.animation.json,ghost_skelly.bbmodel,SPEC.md,10,10,0,1,1,1.05,0,pin,,,0,"full contract (Tier 2, the state-branching class (a client-side head-swivel latch): geckolib_migration_design.md section 5); ON THE HOOK until idle and walk are delivered (Amendment 2): in-game through the seam behind the dev switch since the fifth Tier-2 slice (T2e, 2026-09-15)",19,generator: 4 h + 0.2 h/bone x 10 + 1 h/clip x 13 to author or improve (owner adjusts),GhostSkellyRenderer;GhostSkellyGeoReplacement;GhostSkellyModel,
mothra,Mothra,MONSTER,5,2,ButterflyModel,1,Tier 1 (boss),simple cyclic — time/phase-driven trigonometric pose,classic only,"Tier 1 model ButterflyModel; no geo landed yet — packaged from the reference leg's converter output (reference_butterfly.geo.json: the rig is not yet in-game, its bone names final)",reference_butterfly.geo.json,reference-leg converter output,no,,mothra.bbmodel,SPEC.md,10,10,0,1,1,10,7.5,pin,reference_model_proofs.json,,4,"full contract (Tier 1, the simple-cyclic class: geckolib_migration_design.md section 5) with the §8.1 locks; the rig is not yet in-game (it lands through the seam in a later slice)",18.5,generator: 8 h + 0.15 h/bone x 10 + 1.5 h/clip x 6 to author or improve (owner adjusts),MothraRenderer,
vampire_butterfly,VampireButterfly,MONSTER,0.5,0.5,ButterflyModel,1,Tier 1 (boss),simple cyclic — time/phase-driven trigonometric pose,classic only,"Tier 1 model ButterflyModel; no geo landed yet — packaged from the reference leg's converter output (reference_butterfly.geo.json: the rig is not yet in-game, its bone names final)",reference_butterfly.geo.json,reference-leg converter output,no,,vampire_butterfly.bbmodel,SPEC.md,10,10,0,1,1,,,no pin,reference_model_proofs.json,,0,"full contract (Tier 1, the simple-cyclic class: geckolib_migration_design.md section 5) with the §8.1 locks (none pre-declared: the design's section 6 keeps this consumer of the shared ButterflyModel single-box); the rig is not yet in-game (it lands through the seam in a later slice)",18.5,generator: 8 h + 0.15 h/bone x 10 + 1.5 h/clip x 6 to author or improve (owner adjusts),VampireButterflyRenderer,
ant_robot,AntRobot,MISC,2.75,1.25,ModelAntRobot,0,Tier 0,FK-chained — external server-authoritative gait/IK solver,excluded,"Tier 0 (ModelAntRobot): solver-fed / native rig, no artist conversion",,none,,,,,,,,1,1,1,0.99,pin,,ant_robot,,,,,AntRobotRenderer,
elevator,Elevator,MISC,1.25,1,ModelElevator,3,Tier 3,static — empty setupAnim,landed candidate,behind -Dorespawn.dev.geckolibRenderers=candidate,elevator.geo.json,shipped,yes,elevator.animation.json,elevator.bbmodel,SPEC.md,5,5,0,10,10,1,0.25,pin,s4_model_proofs.json,,0,none (Tier 3: a static rig; the only motion is a whole-body hit wobble done by the renderer),0,seed (owner-set),ElevatorRenderer;ElevatorGeoReplacement,
king_head,KingHead,MISC,19.9,10,ModelKingHead,3,Tier 3,static — empty setupAnim,classic only,"Tier 3 model ModelKingHead: a head sidecar — its renderer refuses to draw (shouldRender false); an invisible gaze/damage hitbox, so it renders nothing and takes no artist work; no geo landed",,none,,,,,,,,1,1,1,0,pin,,,,,,,KingHeadRenderer,
queen_head,QueenHead,MISC,19.9,10,ModelQueenHead,3,Tier 3,static — empty setupAnim,classic only,"Tier 3 model ModelQueenHead: a head sidecar — its renderer refuses to draw (shouldRender false); an invisible gaze/damage hitbox, so it renders nothing and takes no artist work; no geo landed",,none,,,,,,,,1,1,1,0,pin,,,,,,,QueenHeadRenderer,
godzilla_head,GodzillaHead,MISC,9.9,10,ModelGodzillaHead,3,Tier 3,static — empty setupAnim,classic only,"Tier 3 model ModelGodzillaHead: a head sidecar — its renderer refuses to draw (shouldRender false); an invisible gaze/damage hitbox, so it renders nothing and takes no artist work; no geo landed",,none,,,,,,,,1,1,1,0,pin,,,,,,,GodzillaHeadRenderer,
purple_power,PurplePower,MISC,0.75,0.75,ModelPurplePower,3,Tier 3,gait-scaled — non-cyclic pose/head or inherited gait inputs,landed candidate,behind -Dorespawn.dev.geckolibRenderers=candidate,purplepower.geo.json,shipped,yes,purplepower.animation.json,purple_power.bbmodel,SPEC.md,27,18,0,5,5,1,0.825,pin,s4_model_proofs.json,,0,none (Tier 3: code-driven spinning rings; render-instance clones),0,seed (owner-set),PurplePowerRenderer;PurplePowerGeoReplacement,
rock_base,RockBase,MISC,0.25,0.15,ModelRockBase,3,Tier 3,static — setupAnim contains no changing part transform,landed candidate,behind -Dorespawn.dev.geckolibRenderers=candidate,rockbase.geo.json,shipped,yes,rockbase.animation.json,rock_base.bbmodel,SPEC.md,22,22,0,10,10,1,0,pin,s4_model_proofs.json,,0,none (Tier 3: no motion; the pose is which cubes are visible),0,seed (owner-set),RockBaseRenderer;RockBaseGeoReplacement,
spider_robot,SpiderRobot,MISC,3.25,2.25,ModelSpiderRobot,0,Tier 0,FK-chained — external server-authoritative gait/IK solver,excluded,"Tier 0 (ModelSpiderRobot): solver-fed / native rig, no artist conversion",,none,,,,,,,,1,1,1,0.99,pin,,spider_robot,,,,,SpiderRobotRenderer,
cephadrome,Cephadrome,AMBIENT,2.5,2.25,ModelCephadrome,1,Tier 1 (boss),state-branching — setupAnim branches on entity state,classic only,"Tier 1 model ModelCephadrome; no geo landed yet — packaged from the reference leg's converter output (reference_cephadrome.geo.json: the rig is not yet in-game, its bone names final)",reference_cephadrome.geo.json,reference-leg converter output,no,,cephadrome.bbmodel,SPEC.md,50,50,0,1,1,1,1.25,pin,reference_model_proofs.json,,15,"full contract (Tier 1, the state-branching class: geckolib_migration_design.md section 5) with the §8.1 locks; the rig is not yet in-game (it lands through the seam in a later slice)",39.5,generator: 8 h + 0.15 h/bone x 50 + 1.5 h/clip x 16 to author or improve (owner adjusts),CephadromeRenderer,
red_cow,RedCow,MISC,0.9,1.3,CowModel (vanilla),0,Tier 0,vanilla model reuse,excluded,"Tier 0: a vanilla CowModel drawn by RedCowRenderer (the design's 'Vanilla-model reuse' table): no OreSpawn rig to convert, no artist work",,none,,,,,,,,1,1,1,0.7,pin,,,,,,,RedCowRenderer,
crystal_cow,CrystalCow,CREATURE,0.9,1.3,CowModel (vanilla),0,Tier 0,vanilla model reuse,excluded,"Tier 0: a vanilla CowModel drawn by CrystalCowRenderer (the design's 'Vanilla-model reuse' table): no OreSpawn rig to convert, no artist work",,none,,,,,,,,1,1,1,0.7,pin,,,,,,,CrystalCowRenderer,
gold_cow,GoldCow,CREATURE,0.9,1.3,CowModel (vanilla),0,Tier 0,vanilla model reuse,excluded,"Tier 0: a vanilla CowModel drawn by GoldCowRenderer (the design's 'Vanilla-model reuse' table): no OreSpawn rig to convert, no artist work",,none,,,,,,,,1,1,1,0.7,pin,,,,,,,GoldCowRenderer,
apple_cow,AppleCow,CREATURE,0.9,1.3,CowModel (vanilla),0,Tier 0,vanilla model reuse,excluded,"Tier 0: a vanilla CowModel drawn by AppleCowRenderer (the design's 'Vanilla-model reuse' table): no OreSpawn rig to convert, no artist work",,none,,,,,,,,1,1,,,no pin,,,,,,,AppleCowRenderer,
golden_apple_cow,GoldenAppleCow,CREATURE,0.9,1.3,CowModel (vanilla),0,Tier 0,vanilla model reuse,excluded,"Tier 0: a vanilla CowModel drawn by GoldenAppleCowRenderer (the design's 'Vanilla-model reuse' table): no OreSpawn rig to convert, no artist work",,none,,,,,,,,1,1,,,no pin,,,,,,,GoldenAppleCowRenderer,
enchanted_apple_cow,EnchantedAppleCow,CREATURE,0.9,1.3,CowModel (vanilla),0,Tier 0,vanilla model reuse,excluded,"Tier 0: a vanilla CowModel drawn by EnchantedAppleCowRenderer (the design's 'Vanilla-model reuse' table): no OreSpawn rig to convert, no artist work",,none,,,,,,,,1,1,,,no pin,,,,,,,EnchantedAppleCowRenderer,
ruby_bird,RubyBird,CREATURE,0.5,0.5,ModelCockateil,2,Tier 2,simple cyclic — time/phase-driven trigonometric pose,landed candidate,behind -Dorespawn.dev.geckolibRenderers=candidate,cockateil.geo.json,shipped,yes,cockateil.animation.json,ruby_bird.bbmodel,SPEC.md,16,16,6,6,6,0.75,0.225,pin,,,0,"full contract (Tier 2, the simple-cyclic class: geckolib_migration_design.md section 5)",11.2,generator: 4 h + 0.2 h/bone x 16 + 1 h/clip x 4 to author or improve (owner adjusts),CockateilRenderer;RubyBirdGeoReplacement;CockateilGeoReplacement,
spider_driver,SpiderDriver,MISC,1.4,0.9,SpiderModel (vanilla),0,Tier 0,vanilla model reuse,excluded,"Tier 0: a vanilla SpiderModel drawn by SpiderDriverRenderer (the design's 'Vanilla-model reuse' table): no OreSpawn rig to convert, no artist work",,none,,,,,,,,1,1,1,1,pin,,,,,,,SpiderDriverRenderer,
better_fireball,BetterFireball,MISC,1,1,,,no tier (not in the G0 inventory),,excluded,"projectile (extends LargeFireball): no rig, no artist work",,none,,,,,,,,0,0,,,no pin,,,,,,,,
bertha_hit,BerthaHit,MISC,0.33,0.33,,,no tier (not in the G0 inventory),,excluded,"projectile (extends ThrowableProjectile): no rig, no artist work",,none,,,,,,,,0,0,,0,not_applicable,,,,,,,NoopProjectileRenderer,
cage,EntityCage,MISC,0.25,0.25,,,no tier (not in the G0 inventory),,excluded,"projectile (extends ThrowableProjectile): no rig, no artist work",,none,,,,,,,,0,0,0.5,0,not_applicable,,,,,,,,
thrown_rock,EntityThrownRock,MISC,0.25,0.25,,,no tier (not in the G0 inventory),,excluded,"projectile (extends ThrowableProjectile): no rig, no artist work",,none,,,,,,,,0,0,0.5,0,not_applicable,,,,,,,,
ink_sack,InkSack,MISC,0.25,0.25,,,no tier (not in the G0 inventory),,excluded,"projectile (extends ThrowableProjectile): no rig, no artist work",,none,,,,,,,,0,0,0.5,0,not_applicable,,,,,,,,
laser_ball,LaserBall,MISC,0.25,0.25,,,no tier (not in the G0 inventory),,excluded,"projectile (extends ThrowableProjectile): no rig, no artist work",,none,,,,,,,,0,0,0.5,0,not_applicable,,,,,,,,
shoes,Shoes,MISC,0.25,0.25,,,no tier (not in the G0 inventory),,excluded,"projectile (extends ThrowableProjectile): no rig, no artist work",,none,,,,,,,,0,0,0.5,0,not_applicable,,,,,,,,
sunspot_urchin,SunspotUrchin,MISC,0.25,0.25,,,no tier (not in the G0 inventory),,excluded,"projectile (extends ThrowableProjectile): no rig, no artist work",,none,,,,,,,,0,0,0.5,0,not_applicable,,,,,,,,
thunder_bolt,ThunderBolt,MISC,0.25,0.25,,,no tier (not in the G0 inventory),,excluded,"projectile (extends ThrowableProjectile): no rig, no artist work",,none,,,,,,,,0,0,,,no pin,,,,,,,LegacyFallbackBoxRenderer,
water_ball,WaterBall,MISC,0.25,0.25,,,no tier (not in the G0 inventory),,excluded,"projectile (extends ThrowableProjectile): no rig, no artist work",,none,,,,,,,,0,0,0.5,0,not_applicable,,,,,,,,
ice_ball,IceBall,MISC,0.25,0.25,,,no tier (not in the G0 inventory),,excluded,"projectile (extends LaserBall): no rig, no artist work",,none,,,,,,,,0,0,0.5,0,not_applicable,,,,,,,,
acid,Acid,MISC,0.25,0.25,,,no tier (not in the G0 inventory),,excluded,"projectile (extends LaserBall): no rig, no artist work",,none,,,,,,,,0,0,0.5,0,not_applicable,,,,,,,,
dead_irukandji,DeadIrukandji,MISC,0.25,0.25,,,no tier (not in the G0 inventory),,excluded,"projectile (extends LaserBall): no rig, no artist work",,none,,,,,,,,0,0,0.5,0,not_applicable,,,,,,,,
ultimate_arrow,UltimateArrow,MISC,0.5,0.5,,,no tier (not in the G0 inventory),,excluded,"projectile (extends AbstractArrow): no rig, no artist work",,none,,,,,,,,0,0,0.05625,0,not_applicable,,,,,,,,
irukandji_arrow,IrukandjiArrow,MISC,0.5,0.5,,,no tier (not in the G0 inventory),,excluded,"projectile (extends AbstractArrow): no rig, no artist work",,none,,,,,,,,0,0,,,no pin,,,,,,,,
ultimate_fish_hook,UltimateFishHook,MISC,0.25,0.25,,,no tier (not in the G0 inventory),,excluded,"fish hook (extends FishingHook): no rig, no artist work",,none,,,,,,,,0,0,0.5,0,not_applicable,,,,,,,,
lava_loving_item,EntityLavaLovingItem,MISC,0.25,0.25,,,no tier (not in the G0 inventory),,excluded,"item entity (extends ItemEntity): no rig, no artist work",,none,,,,,,,,0,0,,,no pin,,,,,,,,
